﻿<?xml version="1.0" encoding="utf-8"?>
<assembly name="Eco.Gameplay">
  <member name="P:Eco.Gameplay.Civics.GameValues.ProgressivePercent.Number">
    <attribute ctor="M:JetBrains.Annotations.NonNegativeValueAttribute.#ctor" />
  </member>
  <member name="P:Eco.Gameplay.Civics.GameValues.ThresholdMileStone.Percent">
    <attribute ctor="M:JetBrains.Annotations.NonNegativeValueAttribute.#ctor" />
  </member>
  <member name="P:Eco.Gameplay.Civics.GameValues.ThresholdMileStone.Threshold">
    <attribute ctor="M:JetBrains.Annotations.NonNegativeValueAttribute.#ctor" />
  </member>
  <member name="M:Eco.Gameplay.Components.PluginModulesComponent.#ctor">
    <attribute ctor="M:JetBrains.Annotations.UsedImplicitlyAttribute.#ctor" />
  </member>
  <member name="P:Eco.Gameplay.Components.Storage.FuelSupplyComponent.FuelTags">
    <attribute ctor="M:JetBrains.Annotations.PublicAPIAttribute.#ctor" />
  </member>
  <member name="P:Eco.Gameplay.Items.ItemStack.Item">
    <attribute ctor="M:JetBrains.Annotations.CanBeNullAttribute.#ctor" />
  </member>
  <member name="M:Eco.Gameplay.Items.TagStack.#ctor">
    <attribute ctor="M:JetBrains.Annotations.UsedImplicitlyAttribute.#ctor" />
  </member>
  <member name="M:Eco.Gameplay.Maintenance.MaintenancePlugin.#ctor">
    <attribute ctor="M:JetBrains.Annotations.UsedImplicitlyAttribute.#ctor" />
  </member>
  <member name="P:Eco.Gameplay.Modules.EfficiencyModule.SkillTypeID">
    <attribute ctor="M:JetBrains.Annotations.UsedImplicitlyAttribute.#ctor" />
  </member>
  <member name="M:Eco.Gameplay.Players.DifficultySettingsConfig.#ctor">
    <attribute ctor="M:JetBrains.Annotations.UsedImplicitlyAttribute.#ctor" />
  </member>
  <member name="T:Eco.Gameplay.Systems.Messaging.Chat.Commands.ChatCommandAttribute">
    <attribute ctor="M:JetBrains.Annotations.MeansImplicitUseAttribute.#ctor" />
  </member>
  <member name="T:Eco.Gameplay.Systems.Messaging.Chat.Commands.ChatSubCommandAttribute">
    <attribute ctor="M:JetBrains.Annotations.MeansImplicitUseAttribute.#ctor" />
  </member>
  <member name="M:Eco.Gameplay.Tutorial.UserTask.#ctor">
    <attribute ctor="M:JetBrains.Annotations.UsedImplicitlyAttribute.#ctor" />
  </member>
</assembly>